City_ID,City,Lat,Lng,Max Temp,Humidity,Cloudiness,Wind Speed,Country,Date
0,mandal,25.45,74.5667,13.57,63,0,0.46,IN,1674530914
1,udachnyy,66.4167,112.4,-30.31,74,100,1.62,RU,1674530915
2,tuatapere,-46.1333,167.6833,17.73,47,7,3.89,NZ,1674530916
3,busselton,-33.65,115.3333,28.76,41,21,5.03,AU,1674530916
4,gurlan,41.8447,60.3919,-12.96,35,7,2.51,UZ,1674530918
5,kpandu,6.9954,0.2931,25.51,78,60,1.93,GH,1674530918
6,punta arenas,-53.15,-70.9167,10.06,57,0,7.72,CL,1674530919
7,qaanaaq,77.484,-69.3632,-24.42,70,94,3.22,GL,1674530920
8,puerto ayora,-0.7393,-90.3518,23.64,98,89,1.34,EC,1674530921
9,port elizabeth,-33.918,25.5701,21.84,86,0,11.62,ZA,1674530921
10,eureka,40.8021,-124.1637,7.66,91,2,0.45,US,1674530923
11,port-cartier,50.0334,-66.8654,-9.18,98,76,2.65,CA,1674530924
12,kodiak,57.79,-152.4072,3.73,87,75,3.09,US,1674530924
13,moundou,8.5667,16.0833,23.27,22,100,1.77,TD,1674530925
14,castro,-24.7911,-50.0119,16.7,95,56,1.73,BR,1674530926
15,mataura,-46.1927,168.8643,20.81,35,9,1.99,NZ,1674530926
16,jamestown,42.097,-79.2353,-0.8,67,100,9.77,US,1674530871
17,andenes,69.3143,16.1194,1.99,75,100,10.8,NO,1674530928
18,georgetown,5.4112,100.3354,28.96,78,20,1.03,MY,1674530852
19,olafsvik,64.8945,-23.7142,0.93,98,100,9.26,IS,1674530929
20,richards bay,-28.783,32.0377,21.64,94,1,4.02,ZA,1674530930
21,acatic,20.7833,-102.8833,16.53,44,82,1.68,MX,1674530931
22,celestun,20.8667,-90.4,24.26,79,0,6.75,MX,1674530932
23,rikitea,-23.1203,-134.9692,26.21,75,0,7.11,PF,1674530933
24,nemuro,43.3236,145.575,-2.87,70,100,4.89,JP,1674530934
25,ushuaia,-54.8,-68.3,8.81,87,40,2.57,AR,1674530702
26,barrow,71.2906,-156.7887,-21.99,84,100,8.75,US,1674530935
27,jalu,29.0331,21.5482,10.73,64,0,3.51,LY,1674530935
28,hobart,-42.8794,147.3294,25.15,47,20,7.2,AU,1674530833
29,laguna,38.421,-121.4238,11.07,63,0,1.54,US,1674530937
30,lagoa,39.05,-27.9833,15.04,77,78,11.29,PT,1674530938
31,albany,42.6001,-73.9662,-0.76,83,69,1.34,US,1674530551
32,bethel,41.3712,-73.414,1.53,78,100,4.12,US,1674530940
33,cidreira,-30.1811,-50.2056,24.15,82,0,5.22,BR,1674530940
34,flinders,-34.5833,150.8552,28.36,70,78,5.74,AU,1674530941
35,hithadhoo,-0.6,73.0833,26.83,77,66,5.66,MV,1674530943
36,abilene,32.4487,-99.7331,9.12,39,100,7.2,US,1674530944
37,ust-tsilma,65.441,52.1498,-7.99,86,19,4.5,RU,1674530946
38,nanortalik,60.1432,-45.2371,-1.78,86,100,3.95,GL,1674530947
39,myaundzha,63.0494,147.1858,-36.33,97,42,0.89,RU,1674530948
40,kaitangata,-46.2817,169.8464,14.82,57,51,3.73,NZ,1674530950
41,narsaq,60.9167,-46.05,-8.88,80,100,2.2,GL,1674530951
42,bara,10.3744,10.7288,20.54,22,48,3.54,NG,1674530953
43,bahia blanca,-38.7196,-62.2724,26.27,43,0,0.89,AR,1674530954
44,port alfred,-33.5906,26.891,22.32,88,59,2.68,ZA,1674530955
45,hermanus,-34.4187,19.2345,17.9,80,0,6.53,ZA,1674530956
46,labuhan,-6.8844,112.2051,28.86,71,100,1.49,ID,1674530958
47,victoria,22.2855,114.1577,16.09,49,98,11.18,HK,1674530809
48,klaksvik,62.2266,-6.589,8.51,97,100,8.15,FO,1674530960
49,bengkulu,-3.8004,102.2655,23.93,90,100,3.36,ID,1674530962
50,katsuura,35.1333,140.3,11.43,63,100,7.97,JP,1674530963
51,iqaluit,63.7506,-68.5145,-24.06,83,100,1.03,CA,1674530964
52,noshiro,40.2039,140.0242,-2.54,85,100,7.9,JP,1674530965
53,tasiilaq,65.6145,-37.6368,-6.91,65,100,2.37,GL,1674530966
54,yellowknife,62.456,-114.3525,-13.71,85,75,4.63,CA,1674530718
55,souillac,-20.5167,57.5167,23.21,94,75,1.54,MU,1674530968
56,cabo san lucas,22.8909,-109.9124,18.61,74,40,6.17,MX,1674530969
57,hilo,19.7297,-155.09,25.16,82,100,3.6,US,1674530969
58,elesbao veloso,-6.2019,-42.1403,24.14,77,93,0.58,BR,1674530971
59,zhezkazgan,47.8043,67.7144,-12.01,85,100,3.0,KZ,1674530971
60,ahipara,-35.1667,173.1667,21.83,74,100,1.94,NZ,1674530972
61,bredasdorp,-34.5322,20.0403,16.45,76,0,3.61,ZA,1674530973
62,saint-joseph,-21.3667,55.6167,22.21,82,100,1.99,RE,1674530974
63,vaini,-21.2,-175.2,30.09,79,20,3.6,TO,1674530975
64,bluff,-46.6,168.3333,13.67,59,16,5.43,NZ,1674530976
65,santa rosa,14.3122,121.1114,30.06,64,89,5.0,PH,1674530977
66,los llanos de aridane,28.6585,-17.9182,15.86,74,75,4.12,ES,1674530978
67,new norfolk,-42.7826,147.0587,24.95,35,16,1.34,AU,1674530979
68,lompoc,34.6391,-120.4579,9.96,76,0,2.68,US,1674530979
69,tiradentes,-21.1103,-44.1781,18.98,95,100,1.77,BR,1674530980
70,angol,-37.8,-72.7167,16.67,90,22,1.17,CL,1674530981
71,arraial do cabo,-22.9661,-42.0278,23.78,92,100,3.42,BR,1674530982
72,waingapu,-9.6567,120.2641,30.0,55,89,0.65,ID,1674530982
73,sesheke,-17.4759,24.2968,18.94,98,98,1.64,ZM,1674530983
74,junction city,39.0286,-96.8314,-2.0,86,0,1.54,US,1674530794
75,gawler,-34.6,138.7333,31.1,47,0,5.06,AU,1674530984
76,santa isabel do rio negro,-0.4139,-65.0192,22.85,91,96,1.23,BR,1674530985
77,saint-philippe,-21.3585,55.7679,22.77,83,100,4.26,RE,1674530986
78,tuktoyaktuk,69.4541,-133.0374,-28.0,76,40,4.63,CA,1674530986
79,cape town,-33.9258,18.4232,21.32,76,20,7.2,ZA,1674530923
80,lillooet,50.6856,-121.942,-3.54,94,98,1.99,CA,1674530988
81,faanui,-16.4833,-151.75,26.05,77,100,7.56,PF,1674530988
82,atuona,-9.8,-139.0333,26.2,77,7,8.06,PF,1674530989
83,fortuna,40.5982,-124.1573,7.51,90,0,0.0,US,1674530903
84,brae,60.3964,-1.353,9.01,98,100,8.21,GB,1674530990
85,riviere-au-renard,48.9957,-64.3971,-3.84,87,100,8.29,CA,1674530991
86,sioux lookout,50.1001,-91.917,-10.96,79,100,2.57,CA,1674530992
87,vaitape,-16.5167,-151.75,26.08,76,100,7.56,PF,1674530869
88,yatou,37.15,122.3833,-8.8,76,99,11.1,CN,1674530993
89,saskylakh,71.9167,114.0833,-22.16,82,100,1.63,RU,1674530994
90,santo domingo,18.5001,-69.9886,22.8,94,20,0.0,DO,1674530633
91,airai,-8.9266,125.4092,20.51,71,100,0.87,TL,1674530995
92,oruro,-17.9833,-67.15,10.01,66,100,7.11,BO,1674530996
93,canico,32.6333,-16.85,16.35,75,40,5.66,PT,1674530997
94,basco,20.4487,121.9702,22.7,80,57,17.5,PH,1674530998
95,port hardy,50.6996,-127.4199,5.1,100,100,2.06,CA,1674530999
96,kapaa,22.0752,-159.319,26.99,81,20,2.57,US,1674530999
97,bereda,43.2686,-7.5406,5.23,100,72,3.42,ES,1674531000
98,kattivakkam,13.2167,80.3167,26.05,60,97,4.5,IN,1674531001
99,upernavik,72.7868,-56.1549,-22.64,98,100,3.46,GL,1674531002
100,avarua,-21.2078,-159.775,28.03,69,75,0.51,CK,1674531003
101,lebu,-37.6167,-73.65,16.61,98,99,4.14,CL,1674531004
102,ponta do sol,32.6667,-17.1,16.35,65,12,2.81,PT,1674531007
103,port macquarie,-31.4333,152.9167,28.83,65,32,6.23,AU,1674530875
104,agucadoura,41.4318,-8.7804,5.69,62,0,3.89,PT,1674531012
105,mahebourg,-20.4081,57.7,24.03,94,75,1.54,MU,1674531017
106,camacha,33.0833,-16.3333,14.68,63,40,4.63,PT,1674531019
107,thompson,55.7435,-97.8558,-29.91,76,0,1.54,CA,1674531021
108,port-gentil,-0.7193,8.7815,27.46,79,100,5.38,GA,1674531022
109,namibe,-15.1961,12.1522,22.98,86,97,0.21,AO,1674531023
110,tiksi,71.6872,128.8694,-34.66,100,93,1.65,RU,1674531025
111,touros,-5.1989,-35.4608,26.37,76,36,4.41,BR,1674531026
112,changli,39.7042,119.1506,-11.19,18,0,7.04,CN,1674531029
113,pevek,69.7008,170.3133,-27.97,82,73,0.81,RU,1674531030
114,olinda,-8.0089,-34.8553,26.85,74,40,2.57,BR,1674531031
115,pacific grove,36.6177,-121.9166,10.69,72,0,2.06,US,1674531032
116,dikson,73.5069,80.5464,-22.56,85,100,16.3,RU,1674531034
117,kropotkin,45.4375,40.5756,0.26,77,7,5.98,RU,1674531035
118,nohar,29.1833,74.7667,15.66,47,13,2.5,IN,1674531036
119,koboko,3.4136,30.9599,21.45,32,53,1.06,UG,1674531039
120,saldanha,-33.0117,17.9442,16.03,90,1,3.96,ZA,1674531040
121,butaritari,3.0707,172.7902,27.12,79,60,7.77,KI,1674531041
122,sitka,57.0531,-135.33,6.94,87,100,4.63,US,1674531042
123,mecca,21.4267,39.8261,21.35,75,0,1.22,SA,1674531001
124,west wendover,40.7391,-114.0733,-2.44,74,100,3.09,US,1674531045
125,arawa,-6.2132,155.5367,29.59,69,100,2.06,PG,1674531045
126,ta khmau,11.4833,104.95,29.03,70,20,4.63,KH,1674531046
127,kahului,20.8947,-156.47,27.01,72,0,5.14,US,1674531047
128,harper,4.375,-7.7169,25.67,84,69,1.77,LR,1674531048
129,gaoua,10.2992,-3.2508,25.23,22,0,1.0,BF,1674531049
130,puerto escondido,15.85,-97.0667,25.46,73,0,0.0,MX,1674531050
131,mareeba,-17.0,145.4333,29.71,71,89,3.41,AU,1674531051
132,bambous virieux,-20.3428,57.7575,24.01,94,75,1.54,MU,1674531052
133,kapuskasing,49.4169,-82.4331,-6.95,86,100,8.23,CA,1674531053
134,fukue,32.6881,128.8419,-1.8,69,75,8.75,JP,1674531054
135,arona,28.0996,-16.681,14.35,59,20,3.6,ES,1674531054
136,san borja,-14.8167,-66.85,24.14,82,88,1.15,BO,1674531055
137,lakes entrance,-37.8811,147.981,23.42,64,100,4.24,AU,1674531056
138,grindavik,63.8424,-22.4338,3.97,93,100,11.83,IS,1674531057
139,linqiong,30.4159,103.4609,4.9,35,10,1.64,CN,1674531057
140,kontagora,10.3999,5.4695,21.62,17,14,2.07,NG,1674531058
141,guanica,17.9716,-66.908,23.91,77,85,3.43,PR,1674531059
142,carnarvon,-24.8667,113.6333,27.96,61,59,5.75,AU,1674531060
143,komsomolskiy,40.4272,71.7189,-8.6,79,3,2.06,UZ,1674531060
144,praya,14.9215,-23.5087,19.3,72,20,3.09,CV,1674531061
145,mar del plata,-38.0023,-57.5575,20.05,76,0,6.71,AR,1674531005
146,chekhov,55.1431,37.4711,-4.03,97,46,1.56,RU,1674531063
147,geraldton,-28.7667,114.6,26.23,69,75,5.14,AU,1674530785
148,vila franca do campo,37.7167,-25.4333,15.23,81,73,6.34,PT,1674531065
149,ivybridge,50.3904,-3.9191,0.73,92,4,2.66,GB,1674531065
150,panormos,35.4182,24.6909,12.84,73,1,1.69,GR,1674531066
151,esperance,-33.8667,121.9,27.22,45,0,5.57,AU,1674531067
152,cam ranh,11.9214,109.1591,27.98,69,40,8.75,VN,1674531069
153,nang rong,14.6377,102.7914,25.6,59,79,8.7,TH,1674531073
154,shitanjing,39.2342,106.3439,-15.73,30,0,3.54,CN,1674531074
155,bath,51.3779,-2.3591,0.5,96,7,0.93,GB,1674531016
156,sibu,2.3,111.8167,27.17,83,75,1.03,MY,1674531076
157,ballina,-28.8667,153.5667,30.43,71,1,7.16,AU,1674531077
158,hami,42.8,93.45,-10.88,29,0,0.35,CN,1674531079
159,san policarpo,12.1791,125.5072,26.67,83,94,7.62,PH,1674531079
160,asau,46.4333,26.4,-1.49,83,100,2.47,RO,1674531080
161,sorland,67.667,12.6934,2.92,59,99,13.07,NO,1674531081
162,vostok,46.4856,135.8833,-32.09,86,100,3.66,RU,1674531082
163,le vauclin,14.5452,-60.8388,25.03,78,75,5.66,MQ,1674531083
164,college,64.8569,-147.8028,-21.03,75,100,0.0,US,1674531084
165,san cristobal,7.7669,-72.225,23.1,83,84,1.33,VE,1674530876
166,rosario,-32.9468,-60.6393,25.95,43,0,6.17,AR,1674530925
167,severo-kurilsk,50.6789,156.125,-7.05,63,87,6.96,RU,1674531086
168,kieta,-6.2167,155.6333,28.68,72,100,2.34,PG,1674531087
169,along,28.1667,94.7667,19.41,37,100,0.14,IN,1674531088
170,birjand,32.8663,59.2211,-7.74,73,0,2.06,IR,1674531089
171,portland,45.5234,-122.6762,8.12,82,100,1.54,US,1674530522
172,vangazi,57.0936,24.5486,-3.12,92,57,2.78,LV,1674531090
173,sadiqabad,28.3062,70.1307,12.68,27,16,4.72,PK,1674531091
174,shingu,33.7333,135.9833,7.42,69,44,8.33,JP,1674531091
175,standerton,-26.9337,29.2415,13.67,90,0,1.44,ZA,1674531092
176,sokoni,-6.4333,39.55,25.92,83,100,4.4,TZ,1674531093
177,sao joao da barra,-21.6403,-41.0511,23.59,91,100,2.21,BR,1674531094
178,nouakchott,18.0858,-15.9785,14.96,42,0,2.76,MR,1674531095
179,oskarshamn,57.2645,16.4484,-3.9,82,93,5.35,SE,1674531096
180,burgeo,47.6167,-57.6152,4.98,99,100,12.28,CA,1674531032
181,anamur,36.0751,32.8369,13.59,44,0,2.42,TR,1674531097
182,constitucion,-35.3333,-72.4167,15.32,92,9,0.86,CL,1674531056
183,tongliao,43.6125,122.2653,-18.0,30,0,6.31,CN,1674531098
184,kokopo,-4.352,152.2633,28.73,67,69,2.5,PG,1674531099
185,yulara,-25.2406,130.9889,34.0,17,84,3.25,AU,1674531100
186,patacamaya,-17.2333,-67.9167,9.52,71,100,2.3,BO,1674531100
187,hammerfest,70.6634,23.6821,0.25,93,75,16.98,NO,1674531101
188,tayoltita,24.0833,-105.9333,10.81,97,53,0.3,MX,1674531102
189,ganzhou,28.8184,115.4327,4.9,55,14,5.11,CN,1674531103
190,troitsko-pechorsk,62.7084,56.1964,-14.72,97,31,2.24,RU,1674531104
191,jam sahib,26.2958,68.6292,7.01,28,0,2.45,PK,1674531105
192,luderitz,-26.6481,15.1594,16.35,83,1,5.16,NA,1674531105
193,almazar,40.3217,69.0106,-5.5,80,13,1.56,UZ,1674531106
194,henties bay,-22.116,14.2845,18.12,87,100,4.73,NA,1674531107
195,tamandare,-8.7597,-35.1047,25.65,76,44,3.03,BR,1674531108
196,san patricio,28.017,-97.5169,18.92,70,98,7.54,US,1674531109
197,rockhampton,-23.3833,150.5,30.94,51,0,5.14,AU,1674531084
198,sao filipe,14.8961,-24.4956,21.1,65,2,3.44,CV,1674531110
199,neka,36.6508,53.299,-0.27,86,0,1.03,IR,1674531110
200,maun,-19.9833,23.4167,21.98,78,0,1.54,BW,1674531111
201,clyde river,70.4692,-68.5914,-35.87,68,40,5.66,CA,1674531112
202,chokurdakh,70.6333,147.9167,-36.86,100,95,2.24,RU,1674531113
203,longyearbyen,78.2186,15.6401,-3.09,63,40,4.12,SJ,1674531113
204,cotacachi,0.3,-78.2667,13.75,86,50,2.25,EC,1674531115
205,kokkola,63.8385,23.1307,0.09,93,100,5.66,FI,1674531115
206,talcahuano,-36.7167,-73.1167,17.82,88,100,5.14,CL,1674531116
207,nizhniy ingash,56.2,96.53,-12.76,92,100,3.2,RU,1674531117
208,chuy,-33.6971,-53.4616,17.0,73,0,0.3,UY,1674531118
209,la reforma,25.0833,-108.05,15.31,86,19,2.12,MX,1674531118
210,ishim,56.1128,69.4902,-16.83,98,50,3.23,RU,1674531119
211,osoyoos,49.0331,-119.4524,0.42,80,34,3.6,CA,1674531120
212,alyangula,-13.8483,136.4192,28.45,79,100,5.37,AU,1674531121
213,sambava,-14.2667,50.1667,24.73,82,100,1.79,MG,1674531121
214,malanje,-9.5402,16.341,16.72,99,100,1.19,AO,1674531122
215,ilulissat,69.2167,-51.1,-5.99,58,75,8.23,GL,1674531123
216,banda aceh,5.5577,95.3222,24.76,89,100,4.68,ID,1674531125
217,severodvinsk,64.5635,39.8302,-6.94,87,20,4.58,RU,1674531126
218,taoudenni,22.6783,-3.9836,15.81,24,1,3.25,ML,1674531127
219,hambantota,6.1241,81.1185,22.19,100,20,1.54,LK,1674531128
220,port lincoln,-34.7333,135.8667,20.46,63,23,6.97,AU,1674531008
221,pingzhuang,42.0372,119.2889,-15.07,25,0,7.99,CN,1674531130
222,east london,-33.0153,27.9116,22.52,88,0,5.66,ZA,1674531131
223,hasaki,35.7333,140.8333,9.01,64,100,7.5,JP,1674531133
224,cherskiy,68.75,161.3,-27.27,94,100,1.07,RU,1674531110
225,chhindwara,22.0667,78.9333,21.77,42,71,3.31,IN,1674531135
226,porto novo,6.4965,2.6036,25.24,89,28,1.57,BJ,1674531137
227,gilbues,-9.8317,-45.3439,24.98,69,98,0.97,BR,1674531138
228,bratsk,56.1325,101.6142,-23.7,95,100,2.52,RU,1674530922
229,bilibino,68.0546,166.4372,-23.3,81,100,1.89,RU,1674531140
230,yar-sale,66.8333,70.8333,-17.44,97,100,6.9,RU,1674531142
231,ponta delgada,37.7333,-25.6667,15.4,67,75,7.2,PT,1674531144
232,avera,33.194,-82.5271,3.73,73,0,2.49,US,1674531145
233,bakchar,57.0186,82.0711,-11.41,95,100,3.23,RU,1674531146
234,fairbanks,64.8378,-147.7164,-21.02,76,100,0.0,US,1674530926
235,nalut,30.3333,10.85,5.39,48,4,3.58,LY,1674531148
236,poltavka,54.3663,71.7632,-17.16,97,40,4.06,RU,1674531149
237,nome,64.5011,-165.4064,-18.96,65,0,3.09,US,1674531151
238,nabire,-3.3667,135.4833,30.26,63,96,2.64,ID,1674531152
239,san quintin,30.4833,-115.95,12.7,46,0,2.37,MX,1674531153
240,khatanga,71.9667,102.5,-42.02,97,41,2.81,RU,1674531154
241,moroni,-11.7022,43.2551,25.38,88,100,5.36,KM,1674531155
242,manggar,-2.8833,108.2667,28.27,72,100,3.98,ID,1674531155
243,necochea,-38.5473,-58.7368,16.32,58,0,6.39,AR,1674531156
244,bealanana,-14.55,48.7333,18.2,94,100,1.81,MG,1674531157
245,guerrero negro,27.9769,-114.0611,13.26,42,13,4.13,MX,1674531132
246,pucallpa,-8.3791,-74.5539,25.02,78,0,3.09,PE,1674531158
247,nikolskoye,59.7035,30.7861,-4.06,92,100,4.3,RU,1674531159
248,anderson,34.5334,-82.6499,3.49,76,0,0.0,US,1674530879
249,kidal,18.4411,1.4078,20.88,14,8,3.36,ML,1674531160
250,joshimath,30.5667,79.5667,6.36,83,100,0.61,IN,1674531161
251,samfya,-11.3649,29.5565,17.74,88,100,2.69,ZM,1674531162
252,kaili,-3.4626,120.2147,25.21,74,100,1.21,ID,1674531163
253,provideniya,64.3833,-173.3,-14.94,66,40,7.0,RU,1674531163
254,kavieng,-2.5744,150.7967,29.58,69,87,4.99,PG,1674531164
255,magadi,12.9667,77.2333,19.09,67,49,4.45,IN,1674531165
256,codrington,-38.2667,141.9667,21.88,61,96,5.49,AU,1674531166
257,chernihiv,51.0,32.0,-2.16,75,0,2.88,UA,1674531166
258,penzance,50.1186,-5.5371,-0.62,73,11,3.55,GB,1674531167
259,kenai,60.5544,-151.2583,-2.17,94,100,2.06,US,1674531168
260,lorengau,-2.0226,147.2712,27.17,81,100,2.02,PG,1674531169
261,ampanihy,-24.7,44.75,24.2,75,100,5.74,MG,1674531169
262,hatten,53.0167,8.35,3.23,88,99,1.79,DE,1674531170
263,shimoda,34.6667,138.95,11.2,56,85,13.13,JP,1674531171
264,zhigansk,66.7697,123.3711,-42.71,97,100,3.39,RU,1674531172
265,ambulu,-8.345,113.6058,29.71,67,75,2.23,ID,1674531173
266,la rioja,42.25,-2.5,-1.12,97,100,3.14,ES,1674531034
267,dali,25.7,100.1833,13.29,31,1,1.68,CN,1674531174
268,beringovskiy,63.05,179.3167,-23.59,97,100,6.04,RU,1674531175
269,wagga wagga,-35.1167,147.3667,28.67,40,100,2.68,AU,1674531003
270,general roca,-39.0333,-67.5833,27.01,27,0,8.0,AR,1674531176
271,rudsar,37.1376,50.288,4.99,72,94,1.97,IR,1674531177
272,billings,45.7833,-108.5007,1.87,63,100,6.69,US,1674531177
273,champerico,14.3,-91.9167,25.33,75,3,1.86,GT,1674531178
274,fort nelson,58.8053,-122.7002,-7.23,100,75,0.0,CA,1674531071
275,mabaruma,8.2,-59.7833,21.27,98,27,1.16,GY,1674531179
276,santa maria,-29.6842,-53.8069,20.61,83,0,3.09,BR,1674531122
277,zyryanka,65.75,150.85,-30.78,93,100,0.59,RU,1674531181
278,yerbogachen,61.2767,108.0108,-35.73,94,81,0.84,RU,1674531181
279,padang,-0.9492,100.3543,26.03,88,100,2.44,ID,1674531182
280,moerai,-22.4333,-151.3333,25.87,77,20,8.54,PF,1674531184
281,santa cruz de la palma,28.6835,-17.7642,18.08,59,75,4.12,ES,1674531185
282,pangnirtung,66.1451,-65.7125,-27.2,82,100,1.73,CA,1674531187
283,lavrentiya,65.5833,-171.0,-26.45,95,27,5.52,RU,1674531188
284,tazovskiy,67.4667,78.7,-33.77,99,80,3.23,RU,1674531189
285,san luis,-33.295,-66.3356,24.74,37,45,4.8,AR,1674531002
286,likhoslavl,57.1275,35.464,-8.15,97,92,2.26,RU,1674531191
287,chapais,49.7834,-74.8492,-6.12,93,100,3.87,CA,1674531194
288,waddan,29.1614,16.139,9.88,32,0,2.29,LY,1674531196
289,ancud,-41.8697,-73.8203,11.71,83,63,3.83,CL,1674531197
290,tungor,53.3808,142.9564,-26.97,93,100,8.5,RU,1674531199
291,norman wells,65.282,-126.8329,-30.98,76,20,0.0,CA,1674531201
292,kanashevo,55.2169,62.0634,-6.69,93,20,3.56,RU,1674531203
293,washington,47.5001,-120.5015,0.88,82,56,1.03,US,1674531133
294,boaco,12.4722,-85.6586,19.88,93,4,4.11,NI,1674531206
295,tautira,-17.7333,-149.15,26.15,82,100,4.16,PF,1674531208
296,kysyl-syr,63.8986,122.7617,-37.26,97,99,2.31,RU,1674531211
297,medina,24.4686,39.6142,18.24,45,0,2.57,SA,1674531061
298,lata,40.1629,-8.3327,4.49,72,0,2.18,PT,1674531214
299,kaeo,-35.1,173.7833,24.07,70,100,4.09,NZ,1674531215
300,taltal,-25.4,-70.4833,20.0,84,15,1.14,CL,1674531020
301,abnub,27.2696,31.1511,10.12,78,0,2.89,EG,1674531216
302,saint george,37.1041,-113.5841,3.33,49,0,2.57,US,1674531217
303,traverse city,44.7631,-85.6206,-0.65,92,100,6.69,US,1674531218
304,peace river,56.2501,-117.286,-4.83,86,20,0.0,CA,1674531009
305,hibbing,47.4272,-92.9377,-2.22,86,100,3.09,US,1674531219
306,freeport,40.6576,-73.5832,2.92,71,100,10.29,US,1674531220
307,mehamn,71.0357,27.8492,-0.03,93,94,12.86,NO,1674531221
308,seymchan,62.8833,152.4333,-30.9,92,100,0.53,RU,1674531222
309,ayagoz,47.9714,80.4392,-16.22,90,100,2.41,KZ,1674531223
310,dunedin,-45.8742,170.5036,14.89,59,72,0.89,NZ,1674531127
311,anadyr,64.75,177.4833,-19.72,59,0,2.0,RU,1674531224
312,kirakira,-10.4544,161.9205,25.25,94,100,2.86,SB,1674531142
313,pringsewu,-5.3582,104.9744,28.38,68,100,0.7,ID,1674531226
314,ostrovnoy,68.0531,39.5131,-3.91,91,100,11.46,RU,1674531226
315,qaqortoq,60.7167,-46.0333,-3.57,96,100,3.07,GL,1674531227
316,myanaung,18.2833,95.3167,28.21,23,60,5.65,MM,1674531228
317,saravan,39.7196,45.6483,-8.79,44,0,3.33,AM,1674531229
318,ngunguru,-35.6167,174.5,19.92,81,100,5.59,NZ,1674531229
319,tabou,4.423,-7.3528,25.5,86,55,2.25,CI,1674531097
320,half moon bay,37.4636,-122.4286,13.51,52,0,3.09,US,1674531029
321,betsiamites,48.9413,-68.646,-3.78,94,84,2.69,CA,1674531231
322,balikpapan,-1.2675,116.8289,29.55,74,20,2.57,ID,1674531232
323,anaco,9.4389,-64.4728,22.81,73,77,4.93,VE,1674531233
324,verkhoyansk,67.5447,133.385,-39.32,95,100,0.51,RU,1674531233
325,sur,22.5667,59.5289,19.84,43,96,4.8,OM,1674531091
326,ust-omchug,61.15,149.6333,-34.64,93,58,2.19,RU,1674531235
327,qandala,11.472,49.8728,22.61,71,19,3.23,SO,1674531236
328,xining,36.6167,101.7667,-8.36,16,5,0.87,CN,1674531236
329,monaghan,54.25,-6.9667,6.33,95,100,2.67,IE,1674531237
330,talnakh,69.4865,88.3972,-31.25,94,31,3.62,RU,1674531053
331,ambilobe,-13.2,49.05,23.64,92,100,0.5,MG,1674531238
332,alofi,-19.0595,-169.9187,27.94,83,40,2.57,NU,1674531239
333,aswan,24.0934,32.907,12.61,30,0,3.6,EG,1674531240
334,karratha,-20.7377,116.8463,32.0,51,99,5.96,AU,1674531241
335,boa vista,2.8197,-60.6733,24.99,73,0,2.57,BR,1674531245
336,quatre cocos,-20.2078,57.7625,23.94,80,100,1.75,MU,1674531246
337,port blair,11.6667,92.75,28.02,65,40,5.14,IN,1674531247
338,imeni poliny osipenko,52.4201,136.4853,-28.31,85,100,0.62,RU,1674531248
339,newport,51.5877,-2.9984,0.84,90,12,0.94,GB,1674531249
340,presidencia roque saenz pena,-26.7852,-60.4388,24.86,43,0,2.83,AR,1674531250
341,chiredzi,-21.05,31.6667,21.69,90,91,2.41,ZW,1674531251
342,agadez,19.75,10.25,17.43,16,1,3.08,NE,1674531252
343,torbay,47.6666,-52.7314,0.88,96,100,12.86,CA,1674530901
344,kincardine,56.0667,-3.7167,8.99,93,100,3.13,GB,1674531017
345,wamba,8.9333,8.6,22.64,20,50,2.09,NG,1674531258
346,vega de alatorre,20.0333,-96.6333,19.87,89,44,1.9,MX,1674531260
347,puteyets,65.1716,57.091,-11.26,90,80,4.59,RU,1674531261
348,ullapool,57.8987,-5.1604,7.43,98,100,3.05,GB,1674531262
349,salalah,17.0151,54.0924,22.05,68,20,2.57,OM,1674531263
350,twentynine palms,34.1356,-116.0542,9.08,34,0,5.05,US,1674531266
351,tara,56.8944,74.371,-17.25,98,82,2.46,RU,1674531267
352,makaha,21.4694,-158.2175,26.95,69,100,3.6,US,1674531268
353,onda,39.9667,-0.25,3.42,61,74,2.88,ES,1674531270
354,adrar,20.5022,-10.0711,16.13,17,0,3.99,MR,1674531273
355,makakilo city,21.3469,-158.0858,26.18,63,0,4.63,US,1674531275
356,phonhong,18.5007,102.4166,26.31,43,9,0.14,LA,1674531277
357,paraiso,9.8383,-83.8656,18.48,89,52,1.96,CR,1674531244
358,korla,41.7597,86.1469,-13.05,73,45,2.34,CN,1674531278
359,santiago de chuco,-8.15,-78.1833,11.03,87,94,1.07,PE,1674531279
360,chimichagua,9.2578,-73.8123,25.09,67,39,0.57,CO,1674531279
361,skelleftea,64.7507,20.9528,0.56,100,96,3.6,SE,1674531280
362,maniitsoq,65.4167,-52.9,-4.69,94,100,7.52,GL,1674531281
363,kushima,31.4583,131.2333,5.63,61,40,8.9,JP,1674531282
364,bonavista,48.6499,-53.1147,0.17,98,100,14.65,CA,1674531283
365,faya,18.3851,42.4509,9.06,83,1,0.66,SA,1674531283
366,dogondoutchi,13.6393,4.0287,21.94,16,16,4.08,NE,1674531285
367,husavik,66.0449,-17.3389,-1.71,67,100,4.42,IS,1674531287
368,coihaique,-45.5752,-72.0662,10.34,57,0,1.03,CL,1674531288
369,phangnga,8.4509,98.5298,28.02,53,75,2.92,TH,1674531289
370,aklavik,68.2191,-135.0107,-23.01,98,100,4.42,CA,1674531289
371,asosa,10.0667,34.5333,18.19,36,45,2.42,ET,1674531290
372,watrous,51.6668,-105.4679,-8.12,86,100,4.63,CA,1674531291
373,manger,60.6414,5.0414,6.17,1,100,8.65,NO,1674531292
374,broome,42.2506,-75.833,-0.64,84,100,4.12,US,1674531292
375,pisco,-13.7,-76.2167,22.03,78,0,6.17,PE,1674531293
376,jussara,-23.6214,-52.4694,24.98,80,50,0.44,BR,1674531294
377,oksfjord,70.2396,22.3479,2.1,84,98,17.74,NO,1674531295
378,kamenka,51.3223,42.7678,-8.92,81,81,2.78,RU,1674531295
379,cayenne,4.9333,-52.3333,25.02,83,0,1.54,GF,1674531296
380,port augusta,-32.5,137.7667,31.41,31,0,8.24,AU,1674531298
381,ribeira grande,38.5167,-28.7,16.54,74,20,6.26,PT,1674531298
382,lebanon,36.2081,-86.2911,6.03,92,20,0.0,US,1674531238
383,rocha,-34.4833,-54.3333,14.66,82,0,1.47,UY,1674531010
384,chuchkovo,54.2693,41.4465,-9.35,90,7,2.75,RU,1674531300
385,dwarka,22.2394,68.9678,18.81,44,0,7.39,IN,1674531301
386,novikovo,51.1537,37.8879,-5.74,81,79,2.49,RU,1674531304
387,nyimba,-14.5566,30.8149,18.65,98,100,1.39,ZM,1674531305
388,nizwa,22.9333,57.5333,14.85,74,86,0.41,OM,1674531307
389,koslan,63.4564,48.8989,-11.71,95,98,3.8,RU,1674531201
390,marawi,7.9986,124.2928,23.66,83,100,2.17,PH,1674531309
391,ushtobe,45.2514,77.9838,-12.79,81,100,2.59,KZ,1674531310
392,great falls,47.5002,-111.3008,-1.34,59,0,8.75,US,1674531311
393,indiaroba,-11.5192,-37.5117,23.95,90,15,1.81,BR,1674531312
394,maceio,-9.6658,-35.7353,24.69,94,20,1.54,BR,1674531313
395,meulaboh,4.1363,96.1285,26.23,82,93,2.78,ID,1674531030
396,batagay,67.6333,134.6333,-40.01,97,100,1.01,RU,1674531316
397,bursa,40.1667,29.0833,2.02,87,57,1.11,TR,1674531158
398,goderich,43.7501,-81.7165,0.51,80,100,9.26,CA,1674531318
399,rochelle,46.25,-1.0,2.51,80,100,6.69,FR,1674531320
400,egvekinot,66.3167,-179.1667,-26.66,82,11,5.55,RU,1674531321
401,la palma,33.8464,-118.0467,15.03,61,0,0.0,US,1674531207
402,charters towers,-20.1,146.2667,32.94,38,62,5.17,AU,1674531322
403,viedma,-40.8135,-62.9967,26.57,37,5,8.31,AR,1674531036
404,itaituba,-4.2761,-55.9836,22.08,99,34,0.5,BR,1674531165
405,belawan,3.7755,98.6832,26.16,87,100,0.76,ID,1674531325
406,esmeraldas,-19.7625,-44.3139,21.17,98,100,2.25,BR,1674531075
407,tomobe,36.35,140.3,8.73,47,100,2.67,JP,1674531326
408,rio claro,-22.4114,-47.5614,19.93,95,98,1.27,BR,1674531327
409,belaya gora,68.5333,146.4167,-32.61,99,100,0.84,RU,1674531329
410,vanimo,-2.6741,141.3028,24.64,93,100,1.94,PG,1674531330
411,sibolga,1.7427,98.7792,25.8,80,100,1.46,ID,1674531331
412,filadelfia,39.9523,-75.1638,4.01,68,100,6.17,US,1674531107
413,thinadhoo,0.5333,72.9333,27.08,75,96,5.54,MV,1674531333
414,takaka,-40.85,172.8,19.42,65,27,2.47,NZ,1674531334
415,starychi,49.98,23.5585,-0.65,90,27,3.03,UA,1674531335
416,kavaratti,10.5669,72.642,26.5,74,62,7.51,IN,1674531336
417,havelock,34.8791,-76.9013,8.99,64,3,2.24,US,1674531337
418,paamiut,61.994,-49.6678,-2.67,81,100,7.48,GL,1674531337
419,poddorye,57.4695,31.1156,-7.65,95,84,2.86,RU,1674531338
420,aksu,41.1231,80.2644,-13.24,77,19,1.34,CN,1674531339
421,alistrati,41.0667,23.95,8.14,89,96,2.02,GR,1674531340
422,alice springs,-23.7,133.8833,35.75,14,72,2.06,AU,1674531341
423,nishihara,26.1842,127.7558,14.6,80,100,18.01,JP,1674531342
424,north bend,43.4065,-124.2243,6.07,94,0,2.06,US,1674531342
425,barra dos coqueiros,-10.9089,-37.0386,27.01,83,40,3.6,BR,1674531343
426,manbij,36.5281,37.9549,6.64,63,0,1.66,SY,1674531344
427,dingle,10.9995,122.6711,27.71,76,94,7.49,PH,1674531345
428,cotonou,6.3654,2.4183,26.48,85,44,3.67,BJ,1674531345
429,zhangjiakou,40.81,114.8794,-15.66,25,0,4.78,CN,1674531346
430,inhambane,-23.865,35.3833,25.72,77,92,4.35,MZ,1674531347
431,puri,19.8,85.85,23.29,59,13,0.7,IN,1674531348
432,chake chake,-5.2459,39.7666,25.6,83,100,2.81,TZ,1674531348
433,tabora,-5.0167,32.8,17.65,94,100,1.25,TZ,1674531349
434,pangai,-19.8,-174.35,30.06,62,40,2.06,TO,1674531350
435,gimli,50.6336,-96.9907,-13.99,78,88,2.57,CA,1674531351
436,cavalcante,-13.7975,-47.4583,20.09,93,100,0.53,BR,1674531351
437,grand gaube,-20.0064,57.6608,24.1,83,100,0.17,MU,1674531352
438,northam,51.0333,-4.2167,1.52,69,15,2.39,GB,1674531353
439,kothen,51.75,11.9667,1.79,95,19,2.5,DE,1674531354
440,makokou,0.5738,12.8642,20.93,91,79,1.21,GA,1674531355
441,cobija,-11.0267,-68.7692,23.04,91,18,1.29,BO,1674531355
442,whitefish,48.4111,-114.3376,-9.71,97,99,0.59,US,1674531356
443,lebork,54.5392,17.7501,0.51,76,9,1.13,PL,1674531357
444,kruisfontein,-34.0033,24.7314,19.5,84,98,6.94,ZA,1674531358
445,caravelas,-17.7125,-39.2481,25.64,85,100,4.7,BR,1674531358
446,tessalit,20.1986,1.0114,18.22,15,0,3.45,ML,1674531359
447,suntar,62.1444,117.6319,-28.44,90,100,3.01,RU,1674531360
448,lekoni,-1.5843,14.2591,22.63,84,100,2.84,GA,1674531360
449,devrek,41.2192,31.9558,9.16,72,100,0.96,TR,1674531361
450,uni,57.7535,51.4923,-22.45,100,100,1.73,RU,1674531362
451,montemor-o-novo,38.6481,-8.2145,1.84,75,0,4.06,PT,1674531363
452,erzincan,39.75,39.5,-9.39,92,0,0.0,TR,1674531365
453,ascension,30.2169,-90.9001,8.0,86,0,0.0,US,1674531366
454,acapulco,16.8634,-99.8901,25.9,73,0,2.57,MX,1674531280
455,omsukchan,62.5333,155.8,-27.73,96,100,2.53,RU,1674531367
456,helong,42.5397,128.9972,-21.68,64,54,4.43,CN,1674531369
457,ati,13.2154,18.3353,21.35,14,100,4.49,TD,1674531370
458,verkhovazhye,60.7472,42.0465,-5.94,95,88,3.26,RU,1674531372
459,camana,-16.6228,-72.7111,23.13,82,98,2.9,PE,1674531373
460,shubarkuduk,49.1447,56.4872,-16.0,91,80,2.26,KZ,1674531374
461,marsh harbour,26.5412,-77.0636,21.88,81,71,8.91,BS,1674531343
462,hualmay,-11.0964,-77.6139,21.48,79,100,3.74,PE,1674531378
463,sao felix do xingu,-6.6447,-51.995,21.55,98,79,0.5,BR,1674531379
464,vestmanna,62.1564,-7.1664,7.51,100,100,4.12,FO,1674531380
465,saint-pierre,-21.3393,55.4781,23.84,88,0,2.57,RE,1674531381
466,kijang,35.2442,129.2139,-5.15,42,2,11.53,KR,1674531382
467,lokosovo,61.1333,74.8167,-19.37,99,99,1.31,RU,1674531383
468,gua musang,4.8823,101.9644,28.82,63,100,1.59,MY,1674531384
469,lomza,53.1781,22.0593,0.25,89,100,1.48,PL,1674531386
470,san ramon de la nueva oran,-23.1322,-64.326,23.01,84,82,0.81,AR,1674531386
471,pennagaram,12.1333,77.9,22.66,67,43,2.14,IN,1674531388
472,luganville,-15.5333,167.1667,29.3,72,98,3.37,VU,1674531389
473,juneau,58.3019,-134.4197,5.12,97,100,3.09,US,1674531390
474,beira,-19.8436,34.8389,25.57,86,63,3.49,MZ,1674531391
475,sorong,-0.8833,131.25,28.34,71,100,1.91,ID,1674531395
476,pando,-34.7167,-55.95,21.61,73,0,3.09,UY,1674531396
477,cao bang,22.6667,106.25,13.57,36,100,4.96,VN,1674531397
478,imbituba,-28.24,-48.6703,21.2,88,8,2.68,BR,1674531398
479,srednekolymsk,67.45,153.6833,-30.36,94,100,1.52,RU,1674531398
480,deder,9.3167,41.45,11.5,60,64,0.74,ET,1674531399
481,xinyu,27.8043,114.9334,6.85,42,7,6.12,CN,1674531400
482,marquette,46.5333,-87.6335,-3.15,87,91,3.13,US,1674531401
483,bathsheba,13.2167,-59.5167,25.34,83,40,8.23,BB,1674531401
484,izhma,65.0083,53.9113,-9.87,92,21,4.14,RU,1674531402
485,noumea,-22.2763,166.4572,31.99,89,99,1.34,NC,1674531069
486,los alamos,35.8881,-106.307,-1.86,65,100,3.6,US,1674531137
487,yagodnoye,62.55,149.6667,-34.91,98,98,1.15,RU,1674531405
488,hovd,48.0056,91.6419,-20.6,65,100,1.16,MN,1674531405
489,ordu,40.9086,37.6845,2.28,93,98,0.8,TR,1674531406
490,lasa,46.6166,10.7002,-0.35,95,83,0.5,IT,1674531407
491,buenos aires,-34.6132,-58.3772,26.85,57,0,5.14,AR,1674531408
492,konakovo,56.7,36.7667,-4.29,93,91,2.77,RU,1674531409
493,urumqi,43.801,87.6005,-24.47,84,6,1.0,CN,1674531410
494,phek,25.6667,94.5,14.35,37,87,0.74,IN,1674531410
495,maniwaki,46.3834,-75.966,-2.79,80,91,2.06,CA,1674531411
496,palmer,42.1584,-72.3287,0.14,83,75,3.6,US,1674531393
497,saint-francois,46.4154,3.9054,1.69,87,100,2.57,FR,1674531209
498,gambela,8.25,34.5833,24.58,36,67,1.55,ET,1674531413
499,plouzane,48.3833,-4.6167,6.03,81,100,5.14,FR,1674531414
500,arman,59.7,150.1667,-24.02,80,98,4.87,RU,1674531414
501,palenque,17.5167,-91.9667,21.27,91,1,0.15,MX,1674531415
502,la peca,-5.6111,-78.435,20.32,84,78,1.2,PE,1674531416
503,nelson bay,-32.7167,152.15,27.03,74,13,1.34,AU,1674531417
504,corrente,-3.7367,-43.3394,21.61,99,70,1.15,BR,1674531417
505,karpogory,64.0019,44.4451,-12.07,92,80,3.86,RU,1674531418
506,ladovskaya balka,45.6297,41.4023,0.26,76,40,7.23,RU,1674531419
507,batticaloa,7.7102,81.6924,26.31,76,99,5.27,LK,1674531419
508,kongsberg,59.6652,9.6465,0.79,7,100,1.63,NO,1674531420
509,beisfjord,68.3751,17.5988,1.69,91,100,5.55,NO,1674531421
510,hit,33.6416,42.8251,9.58,44,0,3.23,IQ,1674531422
511,mendoza,-32.8908,-68.8272,26.74,54,20,1.54,AR,1674531423
512,high level,58.5169,-117.136,-10.94,92,100,1.54,CA,1674531424
513,ekhabi,53.5102,142.9671,-26.91,94,100,8.64,RU,1674531425
514,itarema,-2.9248,-39.9167,24.77,85,22,1.79,BR,1674531426
515,vardo,70.3705,31.1107,-4.01,80,35,9.77,NO,1674531427
516,huarmey,-10.0681,-78.1522,21.3,80,98,2.97,PE,1674531429
517,cayeli,41.0923,40.7292,9.52,86,68,1.09,TR,1674531430
518,bubaque,11.2833,-15.8333,23.11,78,6,5.99,GW,1674531431
519,deputatskiy,69.3,139.9,-35.95,100,95,0.83,RU,1674531432
520,mount gambier,-37.8333,140.7667,23.49,45,50,3.93,AU,1674531433
521,khudumelapye,-23.8833,24.75,18.99,67,10,2.65,BW,1674531435
522,sfantu gheorghe,45.8667,25.7833,-2.26,86,34,1.99,RO,1674531436
523,mahon,39.8885,4.2658,7.31,81,75,6.17,ES,1674531437
524,umm lajj,25.0213,37.2685,20.37,67,0,3.44,SA,1674531140
525,tay ninh,11.3,106.1,31.16,51,42,4.44,VN,1674531438
526,kaliua,-5.0606,31.7936,17.34,95,100,0.73,TZ,1674531441
527,tual,-5.6667,132.75,28.37,74,80,4.67,ID,1674531442
528,bone,51.9669,12.1396,1.25,90,16,2.45,DE,1674531443
529,okmulgee,35.6234,-95.9605,3.89,80,0,0.0,US,1674531444
530,walvis bay,-22.9575,14.5053,17.99,85,99,5.72,NA,1674531445
531,lixourion,38.2019,20.4314,9.98,81,92,0.77,GR,1674531446
532,la ronge,55.1001,-105.2842,-12.86,78,100,3.6,CA,1674531447
533,coquimbo,-29.9533,-71.3436,16.85,94,0,2.06,CL,1674531197
534,grand-lahou,5.1367,-5.0242,25.85,90,43,3.21,CI,1674531449
535,churapcha,62.0025,132.4325,-39.25,91,100,1.9,RU,1674531450
536,mancio lima,-7.6142,-72.8958,21.24,94,76,1.27,BR,1674531451
537,thaba-tseka,-29.522,28.6084,13.02,56,1,1.02,LS,1674531452
538,zeya,53.75,127.2667,-24.64,72,100,1.23,RU,1674531360
539,lincoln,40.8,-96.667,1.95,89,100,2.06,US,1674531450
540,gat,31.61,34.7642,15.78,100,0,0.86,IL,1674531454
